<?xml version="1.0" encoding="UTF-8"?>
<project-private xmlns="http://www.netbeans.org/ns/project-private/1">
    <editor-bookmarks xmlns="http://www.netbeans.org/ns/editor-bookmarks/2" lastBookmarkId="0"/>
    <open-files xmlns="http://www.netbeans.org/ns/projectui-open-files/2">
        <group>
            <file>file:/C:/Users/ASUS/Documents/NetBeansProjects/Project%20UAS%20PBO/src/database/school.sql</file>
            <file>file:/C:/Users/ASUS/Documents/NetBeansProjects/Project%20UAS%20PBO/src/tableView/TableViewController.java</file>
            <file>file:/C:/Users/ASUS/Documents/NetBeansProjects/Project%20UAS%20PBO/src/tableView/AddStudentController.java</file>
            <file>file:/C:/Users/ASUS/Documents/NetBeansProjects/Project%20UAS%20PBO/src/operationtable/OperationTable.java</file>
            <file>file:/C:/Users/ASUS/Documents/NetBeansProjects/Project%20UAS%20PBO/src/helpers/DbConnect.java</file>
            <file>file:/C:/Users/ASUS/Documents/NetBeansProjects/Project%20UAS%20PBO/src/models/Student.java</file>
        </group>
    </open-files>
</project-private>
